,該年排名,片名,link,產地,發行商,票房（港元）,2023dollars,
2023,1,毒舌大狀,https://zh.wikipedia.org/wiki/%E6%AF%92%E8%88%8C%E5%A4%A7%E7%8B%80,香港,安樂影片,"$115,060,394",105.5,"$1,090,620"
1996,1,警察故事4之簡單任務,https://zh.wikipedia.org/wiki/%E8%AD%A6%E5%AF%9F%E6%95%85%E4%BA%8B4%E4%B9%8B%E7%B0%A1%E5%96%AE%E4%BB%BB%E5%8B%99,香港,嘉樂影片發行,"$57,518,795",70.5,"$5,711,328,750"
1995,1,紅番區,https://zh.wikipedia.org/wiki/%E7%B4%85%E7%95%AA%E5%8D%80,香港,嘉樂影片發行,"$56,912,536",66.3,"$858,409"
2016,1,美人魚,https://zh.wikipedia.org/wiki/%E7%BE%8E%E4%BA%BA%E9%AD%9A_(2016%E5%B9%B4%E9%9B%BB%E5%BD%B1),中國大陸、香港,安樂影片,"$56,225,252",93.2,"$603,275"
2008,1,長江7號,https://zh.wikipedia.org/wiki/%E9%95%B7%E6%B1%9F7%E8%99%9F,中國大陸、香港,哥倫比亞影業,"$51,440,832",71.9,"$715,450"
1992,1,家有囍事,https://zh.wikipedia.org/wiki/%E5%AE%B6%E6%9C%89%E5%9B%8D%E4%BA%8B,香港,永高院線,"$48,992,188",51.3,"$955,013"
1997,1,一個好人,https://zh.wikipedia.org/wiki/%E4%B8%80%E5%80%8B%E5%A5%BD%E4%BA%BA,香港,嘉樂影片發行,"$45,420,457",74.6,"$608,853"
2018,1,棟篤特工,https://zh.wikipedia.org/wiki/%E6%A3%9F%E7%AF%A4%E7%89%B9%E5%B7%A5,香港,中國3D數碼娛樂,"$45,257,869",96.8,"$467,540"
2014,1,金雞SSS,https://zh.wikipedia.org/wiki/%E9%87%91%E9%9B%9ESSS,香港,安樂影片,"$41,277,620",88.3,"$467,470"
1994,1,醉拳II,https://zh.wikipedia.org/wiki/%E9%86%89%E6%8B%B3II,香港,嘉樂影片發行,"$41,046,234",60.8,"$675,103"
1997,2,97家有囍事,https://zh.wikipedia.org/wiki/97%E5%AE%B6%E6%9C%89%E5%9B%8D%E4%BA%8B,香港,東方電影,"$40,443,625",74.6,"$542,140"
1991,1,飛鷹計劃,https://zh.wikipedia.org/wiki/%E9%A3%9B%E9%B7%B9%E8%A8%88%E5%8A%83,香港,嘉樂影片發行,"$39,054,162",46.9,"$832,711"
1998,1,我是誰,https://zh.wikipedia.org/wiki/%E6%88%91%E6%98%AF%E8%AA%B0,香港,嘉樂影片發行,"$38,865,415",76.7,"$506,720"
1994,2,大富之家,https://zh.wikipedia.org/wiki/%E5%A4%A7%E5%AF%8C%E4%B9%8B%E5%AE%B6,香港,東方電影,"$37,367,669",60.8,"$614,600"
1988,1,八星報喜,https://zh.wikipedia.org/wiki/%E5%85%AB%E6%98%9F%E5%A0%B1%E5%96%9C,香港,金公主娛樂,"$37,090,776",34.7,"$1,068,898"
1994,3,花旗少林,https://zh.wikipedia.org/wiki/%E8%8A%B1%E6%97%97%E5%B0%91%E6%9E%97,香港,金聲院線,"$37,045,340",60.8,"$609,298"
1994,4,破壞之王,https://zh.wikipedia.org/wiki/%E7%A0%B4%E5%A3%9E%E4%B9%8B%E7%8E%8B,香港,新寶院線,"$36,921,789",60.8,"$607,266"
1992,2,我愛扭紋柴,https://zh.wikipedia.org/wiki/%E6%88%91%E6%84%9B%E6%89%AD%E7%B4%8B%E6%9F%B4,香港,金公主娛樂,"$36,475,536",51.3,"$711,024"
1992,3,神算,https://zh.wikipedia.org/wiki/%E7%A5%9E%E7%AE%97,香港,新寶院線,"$36,399,307",51.3,"$709,538"
1996,2,大內密探零零發,https://zh.wikipedia.org/wiki/%E5%A4%A7%E5%85%A7%E5%AF%86%E6%8E%A2%E9%9B%B6%E9%9B%B6%E7%99%BC,香港,新寶院線,"$36,051,899",70.5,"$511,374"
1993,1,花田囍事,https://zh.wikipedia.org/wiki/%E8%8A%B1%E7%94%B0%E5%9B%8D%E4%BA%8B,香港,東方電影,"$35,537,690",55.9,"$635,737"
1987,1,龍兄虎弟,https://zh.wikipedia.org/wiki/%E9%BE%8D%E5%85%84%E8%99%8E%E5%BC%9F_(1987%E5%B9%B4%E9%9B%BB%E5%BD%B1),香港,嘉樂影片發行,"$35,469,408",32.1,"$1,104,966"
2010,1,72家租客,https://zh.wikipedia.org/wiki/72%E5%AE%B6%E7%A7%9F%E5%AE%A2,香港,洲立影片發行（香港）,"$34,447,831",74,"$465,511"
1991,2,縱橫四海,https://zh.wikipedia.org/wiki/%E7%B8%B1%E6%A9%AB%E5%9B%9B%E6%B5%B7_(%E9%9B%BB%E5%BD%B1),香港,金公主娛樂,"$33,604,851",46.9,"$716,521"
1988,2,飛龍猛將,https://zh.wikipedia.org/wiki/%E9%A3%9B%E9%BE%8D%E7%8C%9B%E5%B0%87,香港,嘉樂影片發行,"$33,578,920",34.7,"$967,692"
2014,2,賭城風雲,https://zh.wikipedia.org/wiki/%E8%B3%AD%E5%9F%8E%E9%A2%A8%E9%9B%B2_(2014%E5%B9%B4%E9%9B%BB%E5%BD%B1),中國大陸、香港,嘉樂影片發行,"$33,563,074",88.3,"$380,103"
1992,4,雙龍會,https://zh.wikipedia.org/wiki/%E9%9B%99%E9%BE%8D%E6%9C%83,香港,嘉樂影片發行,"$33,274,116",51.3,"$648,618"
2019,1,廉政風雲 煙幕,https://zh.wikipedia.org/wiki/%E5%BB%89%E6%94%BF%E9%A2%A8%E9%9B%B2_%E7%85%99%E5%B9%95,香港,娛藝,"$31,505,934",99.6,"$316,325"
1991,3,整蠱專家,https://zh.wikipedia.org/wiki/%E6%95%B4%E8%A0%B1%E5%B0%88%E5%AE%B6,香港,新寶院線,"$31,388,471",46.9,"$669,264"
1989,1,合家歡,https://zh.wikipedia.org/wiki/%E5%90%88%E5%AE%B6%E6%AD%A1,香港,新寶院線,"$31,324,362",38.2,"$820,009"
1995,2,金玉滿堂,https://zh.wikipedia.org/wiki/%E9%87%91%E7%8E%89%E6%BB%BF%E5%A0%82_(1995%E5%B9%B4%E9%9B%BB%E5%BD%B1),香港,東方電影,"$31,128,196",66.3,"$469,505"
1993,2,城市獵人,https://zh.wikipedia.org/wiki/%E5%9F%8E%E5%B8%82%E7%8D%B5%E4%BA%BA_(1993%E5%B9%B4%E9%9B%BB%E5%BD%B1),香港,嘉樂影片發行,"$30,843,062",55.9,"$551,754"
1985,1,福星高照,https://zh.wikipedia.org/wiki/%E7%A6%8F%E6%98%9F%E9%AB%98%E7%85%A7,香港,嘉樂影片發行,"$30,748,643",29.4,"$1,045,872"
1997,3,黃飛鴻之西域雄獅,https://zh.wikipedia.org/wiki/%E9%BB%83%E9%A3%9B%E9%B4%BB%E4%B9%8B%E8%A5%BF%E5%9F%9F%E9%9B%84%E7%8D%85,香港,中國星集團,"$30,268,415",74.6,"$405,743"
2006,1,霍元甲,https://zh.wikipedia.org/wiki/%E9%9C%8D%E5%85%83%E7%94%B2_(2006%E5%B9%B4%E9%9B%BB%E5%BD%B1),中國大陸、香港,安樂影片,"$30,201,600",67.6,"$446,769"
2001,1,特務迷城,https://zh.wikipedia.org/wiki/%E7%89%B9%E5%8B%99%E8%BF%B7%E5%9F%8E,香港,嘉樂影片發行,"$30,009,076",69.8,"$429,929"
1999,1,喜劇之王,https://zh.wikipedia.org/wiki/%E5%96%9C%E5%8A%87%E4%B9%8B%E7%8E%8B_(1999%E5%B9%B4%E9%9B%BB%E5%BD%B1),香港,新寶院線,"$29,848,860",73.6,"$405,555"
2020,1,乜代宗師,https://zh.wikipedia.org/wiki/%E4%B9%9C%E4%BB%A3%E5%AE%97%E5%B8%AB,香港,高先電影,"$29,600,946",99.9,"$296,306"
1984,1,最佳拍檔之女皇密令,https://zh.wikipedia.org/wiki/%E6%9C%80%E4%BD%B3%E6%8B%8D%E6%AA%94%E4%B9%8B%E5%A5%B3%E7%9A%87%E5%AF%86%E4%BB%A4,香港,金公主娛樂,"$29,286,077",28.4,"$1,031,200"
2015,1,賭城風雲II,https://zh.wikipedia.org/wiki/%E8%B3%AD%E5%9F%8E%E9%A2%A8%E9%9B%B2II,中國大陸、香港,嘉樂影片發行,"$28,407,293",91,"$312,168"
2013,1,西遊·降魔篇,https://zh.wikipedia.org/wiki/%E8%A5%BF%E6%B8%B8%C2%B7%E9%99%8D%E9%AD%94%E7%AF%87,中國大陸、香港,安樂影片,"$28,401,227",84.6,"$335,712"
2000,1,東京攻略,https://zh.wikipedia.org/wiki/%E6%9D%B1%E4%BA%AC%E6%94%BB%E7%95%A5,香港,嘉樂影片發行,"$28,187,905",70.9,"$397,573"
1986,1,富貴列車,https://zh.wikipedia.org/wiki/%E5%AF%8C%E8%B2%B4%E5%88%97%E8%BB%8A_(%E9%9B%BB%E5%BD%B1),香港,嘉樂影片發行,"$28,122,275",30.4,"$925,075"
1998,2,行運一條龍,https://zh.wikipedia.org/wiki/%E8%A1%8C%E9%81%8B%E4%B8%80%E6%A2%9D%E9%BE%8D,香港,新寶院線,"$27,730,525",76.7,"$361,545"
1999,2,玻璃樽,https://zh.wikipedia.org/wiki/%E7%8E%BB%E7%92%83%E6%A8%BD,香港,嘉樂影片發行,"$27,547,639",73.6,"$374,289"
1993,3,黃飛鴻之三：獅王爭霸,https://zh.wikipedia.org/wiki/%E9%BB%83%E9%A3%9B%E9%B4%BB%E4%B9%8B%E4%B8%89%EF%BC%9A%E7%8D%85%E7%8E%8B%E7%88%AD%E9%9C%B8,香港,嘉樂影片發行,"$27,540,561",55.9,"$492,676"
2001,2,鍾無艷,https://zh.wikipedia.org/wiki/%E9%8D%BE%E7%84%A1%E8%89%B7_(%E9%9B%BB%E5%BD%B1),香港,中國星集團,"$27,241,696",69.8,"$390,282"
1987,2,富貴逼人,https://zh.wikipedia.org/wiki/%E5%AF%8C%E8%B2%B4%E9%80%BC%E4%BA%BA,香港,德寶電影公司,"$27,141,624",32.1,"$845,533"
1986,2,最佳拍檔之千里救差婆,https://zh.wikipedia.org/wiki/%E6%9C%80%E4%BD%B3%E6%8B%8D%E6%AA%94%E4%B9%8B%E5%8D%83%E9%87%8C%E6%95%91%E5%B7%AE%E5%A9%86,香港,金公主娛樂,"$27,012,748",30.4,"$888,577"
2011,1,我愛HK開心萬歲,https://zh.wikipedia.org/wiki/%E6%88%91%E6%84%9BHK%E9%96%8B%E5%BF%83%E8%90%AC%E6%AD%B2,香港,洲立影片發行（香港）,"$26,688,278",77.9,"$342,597"
2007,1,門徒,https://zh.wikipedia.org/wiki/%E9%96%80%E5%BE%92_(%E9%9B%BB%E5%BD%B1),香港,發行工作室,"$26,530,848",68.9,"$385,063"
1982,1,最佳拍檔,https://zh.wikipedia.org/wiki/%E6%9C%80%E4%BD%B3%E6%8B%8D%E6%AA%94,香港,金公主娛樂,"$26,043,733",23.8,"$1,094,274"
1988,3,富貴再逼人,https://zh.wikipedia.org/wiki/%E5%AF%8C%E8%B2%B4%E5%86%8D%E9%80%BC%E4%BA%BA,香港,德寶電影公司,"$25,814,268",34.7,"$743,927"
1993,4,逃學威龍3之龍過雞年,https://zh.wikipedia.org/wiki/%E9%80%83%E5%AD%B8%E5%A8%81%E9%BE%8D3%E4%B9%8B%E9%BE%8D%E9%81%8E%E9%9B%9E%E5%B9%B4,香港,新寶院線,"$25,778,434",55.9,"$461,153"
2014,3,西遊記之大鬧天宮,https://zh.wikipedia.org/wiki/%E8%A5%BF%E9%81%8A%E8%A8%98%E4%B9%8B%E5%A4%A7%E9%AC%A7%E5%A4%A9%E5%AE%AE,中國大陸、香港,新寶院線,"$25,639,054",88.3,"$290,363"
2004,1,鬼馬狂想曲,https://zh.wikipedia.org/wiki/%E9%AC%BC%E9%A6%AC%E7%8B%82%E6%83%B3%E6%9B%B2,香港,中國星集團,"$25,244,771",65.6,"$384,829"
1996,3,大三元,https://zh.wikipedia.org/wiki/%E5%A4%A7%E4%B8%89%E5%85%83_(1996%E5%B9%B4%E9%9B%BB%E5%BD%B1),香港,東方電影,"$25,218,130",70.5,"$357,704"
1995,3,西遊記第壹佰零壹回之月光寶盒,https://zh.wikipedia.org/wiki/%E8%A5%BF%E9%81%8A%E8%A8%98%E7%AC%AC%E5%A3%B9%E4%BD%B0%E9%9B%B6%E5%A3%B9%E5%9B%9E%E4%B9%8B%E6%9C%88%E5%85%89%E5%AF%B6%E7%9B%92,香港,新寶院線,"$25,200,435",66.3,"$380,097"
2016,2,賭城風雲III,https://zh.wikipedia.org/wiki/%E8%B3%AD%E5%9F%8E%E9%A2%A8%E9%9B%B2III,中國大陸、香港,嘉樂影片發行,"$25,049,210",93.2,"$268,768"
2003,1,行運超人,https://zh.wikipedia.org/wiki/%E8%A1%8C%E9%81%8B%E8%B6%85%E4%BA%BA_(%E9%9B%BB%E5%BD%B1),香港,嘉樂影片發行,"$24,961,198",65.9,"$378,774"
2003,2,百年好合,https://zh.wikipedia.org/wiki/%E7%99%BE%E5%B9%B4%E5%A5%BD%E5%90%88,香港,中國星集團,"$24,726,283",65.9,"$375,209"
2009,1,家有囍事2009,https://zh.wikipedia.org/wiki/%E5%AE%B6%E6%9C%89%E5%9B%8D%E4%BA%8B2009,香港,東方電影,"$24,655,932",72.3,"$341,023"
2017,1,西遊伏妖篇,https://zh.wikipedia.org/wiki/%E8%A5%BF%E6%B8%B8%E4%BC%8F%E5%A6%96%E7%AF%87,中國大陸、香港,安樂影片,"$24,392,816",94.6,"$257,852"
2015,2,12金鴨,https://zh.wikipedia.org/wiki/12%E9%87%91%E9%B4%A8,香港,安樂影片,"$24,304,550",91,"$267,083"
1991,4,龍的傳人,https://zh.wikipedia.org/wiki/%E9%BE%8D%E7%9A%84%E5%82%B3%E4%BA%BA_(%E9%9B%BB%E5%BD%B1),香港,金公主娛樂,"$23,762,012",46.9,"$506,653"
2009,2,赤壁：決戰天下,https://zh.wikipedia.org/wiki/%E8%B5%A4%E5%A3%81_(%E7%94%B5%E5%BD%B1),中國大陸,嘉樂影片發行,"$23,713,573",72.3,"$327,989"
1993,5,射鵰英雄傳之東成西就,https://zh.wikipedia.org/wiki/%E5%B0%84%E9%B5%B0%E8%8B%B1%E9%9B%84%E5%82%B3%E4%B9%8B%E6%9D%B1%E6%88%90%E8%A5%BF%E5%B0%B1,香港,新寶院線,"$23,463,120",55.9,"$419,734"
1990,1,三人新世界,https://zh.wikipedia.org/wiki/%E4%B8%89%E4%BA%BA%E6%96%B0%E4%B8%96%E7%95%8C,香港,德寶電影公司,"$23,275,483",42.1,"$552,862"
1983,1,最佳拍檔大顯神通,https://zh.wikipedia.org/wiki/%E6%9C%80%E4%BD%B3%E6%8B%8D%E6%AA%94%E5%A4%A7%E9%A1%AF%E7%A5%9E%E9%80%9A,香港,金公主娛樂,"$23,273,140",26.1,"$891,691"
2019,2,新喜劇之王,https://zh.wikipedia.org/wiki/%E6%96%B0%E5%96%9C%E5%8A%87%E4%B9%8B%E7%8E%8B,中國大陸、香港,安樂影片,"$22,518,784",99.6,"$226,092"
2012,1,逆戰,https://zh.wikipedia.org/wiki/%E9%80%86%E6%88%B0_(%E9%9B%BB%E5%BD%B1),香港,英皇電影,"$22,212,450",81.1,"$273,890"
2002,1,嫁個有錢人,https://zh.wikipedia.org/w/index.php?title=%E5%AB%81%E5%80%8B%E6%9C%89%E9%8C%A2%E4%BA%BA&action=edit&redlink=1,香港,嘉樂影片發行,"$21,688,609",67.6,"$320,837"
2015,3,衝上雲霄,https://zh.wikipedia.org/wiki/%E8%A1%9D%E4%B8%8A%E9%9B%B2%E9%9C%84_(%E9%9B%BB%E5%BD%B1),香港,寰亞電影發行,"$21,634,135",91,"$237,738"
2000,2,決戰紫禁之巔,https://zh.wikipedia.org/wiki/%E6%B1%BA%E6%88%B0%E7%B4%AB%E7%A6%81%E4%B9%8B%E5%B7%94,中國大陸、香港,中國星集團,"$21,332,884",70.9,"$300,887"
1995,4,西遊記大結局之仙履奇緣,https://zh.wikipedia.org/wiki/%E8%A5%BF%E9%81%8A%E8%A8%98%E5%A4%A7%E7%B5%90%E5%B1%80%E4%B9%8B%E4%BB%99%E5%B1%A5%E5%A5%87%E7%B7%A3,香港,新寶院線,"$20,885,543",66.3,"$315,016"
2011,2,新少林寺,https://zh.wikipedia.org/wiki/%E6%96%B0%E5%B0%91%E6%9E%97%E5%AF%BA,中國大陸、香港,英皇電影,"$20,510,569",77.9,"$263,294"
2011,3,最強囍事,https://zh.wikipedia.org/wiki/%E6%9C%80%E5%BC%B7%E5%9B%8D%E4%BA%8B,香港,天馬影視文化,"$20,321,315",77.9,"$260,864"
1990,2,吉星拱照,https://zh.wikipedia.org/wiki/%E5%90%89%E6%98%9F%E6%8B%B1%E7%85%A7,香港,金公主娛樂,"$20,292,057",42.1,"$481,997"
2004,2,魔幻廚房,https://zh.wikipedia.org/wiki/%E9%AD%94%E5%B9%BB%E5%BB%9A%E6%88%BF,香港,寰亞電影發行,"$20,228,159",65.6,"$308,356"
1989,2,新最佳拍檔,https://zh.wikipedia.org/wiki/%E6%96%B0%E6%9C%80%E4%BD%B3%E6%8B%8D%E6%AA%94,香港,金公主娛樂,"$20,032,206",38.2,"$524,403"
1984,2,鐵板燒,https://zh.wikipedia.org/wiki/%E9%90%B5%E6%9D%BF%E7%87%92_(%E9%9B%BB%E5%BD%B1),香港,嘉樂影片發行,"$19,516,647",28.4,"$687,206"
2013,2,百星酒店,https://zh.wikipedia.org/wiki/%E7%99%BE%E6%98%9F%E9%85%92%E5%BA%97,香港,天馬影視文化,"$19,443,275",84.6,"$229,826"
2002,2,嚦咕嚦咕新年財,https://zh.wikipedia.org/wiki/%E5%9A%A6%E5%92%95%E5%9A%A6%E5%92%95%E6%96%B0%E5%B9%B4%E8%B2%A1,香港,中國星集團,"$19,218,759",67.6,"$284,301"
2012,2,2012我愛HK喜上加囍,https://zh.wikipedia.org/wiki/2012%E6%88%91%E6%84%9BHK%E5%96%9C%E4%B8%8A%E5%8A%A0%E5%9B%8D,香港,洲立影片發行（香港）,"$19,127,350",81.1,"$235,849"
1992,5,賭城大亨之新哥傳奇,https://zh.wikipedia.org/wiki/%E8%B3%AD%E5%9F%8E%E5%A4%A7%E4%BA%A8%E4%B9%8B%E6%96%B0%E5%93%A5%E5%82%B3%E5%A5%87,香港,新寶院線,"$18,907,126",51.3,"$368,560"
1987,3,衛斯理傳奇,https://zh.wikipedia.org/wiki/%E8%A1%9B%E6%96%AF%E7%90%86%E5%82%B3%E5%A5%87,香港,金公主娛樂,"$18,712,571",32.1,"$582,946"
1985,2,恭喜發財,,香港,金公主娛樂,"$18,418,994",29.4,"$626,496"
2014,4,六福喜事,https://zh.wikipedia.org/wiki/%E5%85%AD%E7%A6%8F%E5%96%9C%E4%BA%8B,香港,天馬影視文化,"$18,160,327",88.3,"$205,666"
1989,3,神勇飛虎霸王花,https://zh.wikipedia.org/wiki/%E7%A5%9E%E5%8B%87%E9%A3%9B%E8%99%8E%E9%9C%B8%E7%8E%8B%E8%8A%B1,香港,嘉樂影片發行,"$18,151,313",38.2,"$475,165"
1982,2,龍少爺,https://zh.wikipedia.org/wiki/%E9%BE%8D%E5%B0%91%E7%88%BA,香港,嘉樂影片發行,"$17,936,344",23.8,"$753,628"
1981,1,摩登保鑣,https://zh.wikipedia.org/wiki/%E6%91%A9%E7%99%BB%E4%BF%9D%E9%91%A3,香港,嘉樂影片發行,"$17,769,048",21.4,"$830,329"
1990,3,富貴兵團,https://zh.wikipedia.org/wiki/%E5%AF%8C%E8%B2%B4%E5%85%B5%E5%9C%98,香港,新寶院線,"$17,761,766",42.1,"$421,895"
2018,2,我的情敵女婿,https://zh.wikipedia.org/wiki/%E6%88%91%E7%9A%84%E6%83%85%E6%95%B5%E5%A5%B3%E5%A9%BF,香港,英皇電影,"$17,583,592",96.8,"$181,649"
2013,3,2013我愛HK恭囍發財,https://zh.wikipedia.org/wiki/2013%E6%88%91%E6%84%9BHK%E6%81%AD%E5%9B%8D%E7%99%BC%E8%B2%A1,香港,洲立影片發行（香港）,"$16,953,263",84.6,"$200,393"
1989,4,富貴再三逼人,https://zh.wikipedia.org/wiki/%E5%AF%8C%E8%B2%B4%E5%86%8D%E4%B8%89%E9%80%BC%E4%BA%BA,香港,德寶電影公司,"$16,686,891",38.2,"$436,830"
2017,2,小男人週記3之吾家有喜,https://zh.wikipedia.org/wiki/%E5%B0%8F%E7%94%B7%E4%BA%BA%E9%80%B1%E8%A8%983%E4%B9%8B%E5%90%BE%E5%AE%B6%E6%9C%89%E5%96%9C,香港,嘉樂影片發行,"$16,522,185",94.6,"$174,653"
2018,3,捉妖記2,https://zh.wikipedia.org/wiki/%E6%8D%89%E5%A6%96%E8%AE%B02,中國大陸、香港,安樂影片,"$16,382,872",96.8,"$169,245"
1996,4,嫲嫲．帆帆,,香港,金聲院線,"$16,243,515",70.5,"$230,404"
1982,2,少林寺,https://zh.wikipedia.org/wiki/%E5%B0%91%E6%9E%97%E5%AF%BA_(1982%E5%B9%B4%E7%94%B5%E5%BD%B1),中國大陸、香港,,"$16,157,801",23.8,"$678,899"
2023,2,超神經械劫案下,https://zh.wikipedia.org/wiki/%E8%B6%85%E7%A5%9E%E7%B6%93%E6%A2%B0%E5%8A%AB%E6%A1%88%E4%B8%8B,香港,英皇電影,"$16,152,635",105.5,"$153,106"
2016,3,西遊記之孫悟空三打白骨精,https://zh.wikipedia.org/wiki/%E8%A5%BF%E6%B8%B8%E8%AE%B0%E4%B9%8B%E5%AD%99%E6%82%9F%E7%A9%BA%E4%B8%89%E6%89%93%E7%99%BD%E9%AA%A8%E7%B2%BE,中國大陸、香港,星皓影業,"$15,921,532",93.2,"$170,832"
1983,2,新蜀山劍俠,https://zh.wikipedia.org/wiki/%E6%96%B0%E8%9C%80%E5%B1%B1%E5%89%91%E4%BE%A0,香港,嘉樂影片發行,"$15,878,510",26.1,"$608,372"
2005,1,喜馬拉亞星,https://zh.wikipedia.org/wiki/%E5%96%9C%E9%A9%AC%E6%8B%89%E4%BA%9A%E6%98%9F,香港,中國星集團,"$15,603,530",66.2,"$235,703"
1991,5,賭聖延續篇：賭霸,https://zh.wikipedia.org/wiki/%E8%B3%AD%E8%81%96%E5%BB%B6%E7%BA%8C%E7%AF%87%EF%BC%9A%E8%B3%AD%E9%9C%B8,香港,嘉樂影片發行,"$15,575,932",46.9,"$332,109"
2010,2,花田囍事2010,https://zh.wikipedia.org/wiki/%E8%8A%B1%E7%94%B0%E5%9B%8D%E4%BA%8B2010,香港,天馬影視文化,"$15,544,970",74,"$210,067"
1986,3,八喜臨門,,香港,德寶電影公司,"$15,291,287",30.4,"$503,003"
1985,3,再見七日情,,香港,邵氏兄弟,"$15,017,514",29.4,"$510,800"
2003,3,老鼠愛上貓,https://zh.wikipedia.org/wiki/%E8%80%81%E9%BC%A0%E6%84%9B%E4%B8%8A%E8%B2%93,中國大陸、香港,寰亞電影發行,"$14,448,692",65.9,"$219,252"
1994,5,神龍賭聖之旗開得勝,https://zh.wikipedia.org/wiki/%E7%A5%9E%E9%BE%8D%E8%B3%AD%E8%81%96%E4%B9%8B%E6%97%97%E9%96%8B%E5%BE%97%E5%8B%9D,香港,永高院線,"$14,094,286",60.8,"$231,814"
2000,3,公元2000,https://zh.wikipedia.org/wiki/%E5%85%AC%E5%85%832000,香港,寰亞電影發行,"$13,698,313",70.9,"$193,206"
1991,6,富貴吉祥,https://zh.wikipedia.org/wiki/%E5%AF%8C%E8%B2%B4%E5%90%89%E7%A5%A5,香港,德寶電影公司,"$13,490,889",46.9,"$287,652"
1991,7,中環英雄,https://zh.wikipedia.org/wiki/%E4%B8%AD%E7%92%B0%E8%8B%B1%E9%9B%84_(%E9%9B%BB%E5%BD%B1),香港,德寶電影公司,"$13,402,221",46.9,"$285,762"
1990,4,亂世兒女,https://zh.wikipedia.org/wiki/%E4%BA%82%E4%B8%96%E5%85%92%E5%A5%B3_(1990%E5%B9%B4%E9%9B%BB%E5%BD%B1),香港,嘉樂影片發行,"$13,305,900",42.1,"$316,055"
2019,3,恭喜八婆,https://zh.wikipedia.org/wiki/%E6%81%AD%E5%96%9C%E5%85%AB%E5%A9%86,香港,巴福斯影業,"$13,252,778",99.6,"$133,060"
2002,3,天下無雙,https://zh.wikipedia.org/wiki/%E5%A4%A9%E4%B8%8B%E7%84%A1%E9%9B%99_(%E9%9B%BB%E5%BD%B1),中國大陸、香港,春光映畫,"$13,051,225",67.6,"$193,065"
1998,3,98古惑仔：龍爭虎鬥,https://zh.wikipedia.org/wiki/98%E5%8F%A4%E6%83%91%E4%BB%94%EF%BC%9A%E9%BE%8D%E7%88%AD%E8%99%8E%E9%AC%A5,香港,嘉樂影片發行,"$12,875,420",76.7,"$167,867"
2009,3,游龍戲鳳,https://zh.wikipedia.org/wiki/%E6%B8%B8%E9%BE%8D%E6%88%B2%E9%B3%B3_(2009%E5%B9%B4%E9%9B%BB%E5%BD%B1),香港,寰亞電影發行,"$12,613,830",72.3,"$174,465"
2012,3,八星抱喜,https://zh.wikipedia.org/wiki/%E5%85%AB%E6%98%9F%E6%8A%B1%E5%96%9C,香港,天馬影視文化,"$12,105,232",81.1,"$149,263"
2020,2,家有囍事2020,https://zh.wikipedia.org/wiki/%E5%AE%B6%E6%9C%89%E5%9B%8D%E4%BA%8B2020,香港,東方影業,"$11,976,434",99.9,"$119,884"
1992,6,逃學英雄傳,https://zh.wikipedia.org/wiki/%E9%80%83%E5%AD%B8%E8%8B%B1%E9%9B%84%E5%82%B3,香港,嘉樂影片發行,"$11,455,018",51.3,"$223,295"
2019,4,如珠如寶,https://zh.wikipedia.org/wiki/%E5%A6%82%E7%8F%A0%E5%A6%82%E5%AF%B6,香港,無限動力實業,"$11,292,769",99.6,"$113,381"
1992,7,嘩！英雄,https://zh.wikipedia.org/wiki/%E5%98%A9%EF%BC%81%E8%8B%B1%E9%9B%84,香港,金公主娛樂,"$11,248,503",51.3,"$219,269"
1993,6,東方不敗之風雲再起,https://zh.wikipedia.org/wiki/%E6%9D%B1%E6%96%B9%E4%B8%8D%E6%95%97%E4%B9%8B%E9%A2%A8%E9%9B%B2%E5%86%8D%E8%B5%B7,香港,金聲院線,"$11,248,503",55.9,"$201,225"
1996,5,運財至叻星,https://zh.wikipedia.org/wiki/%E9%81%8B%E8%B2%A1%E8%87%B3%E5%8F%BB%E6%98%9F_(%E9%9B%BB%E5%BD%B1),香港,金聲院線,"$11,085,240",70.5,"$157,237"
2006,2,春田花花同學會,https://zh.wikipedia.org/wiki/%E6%98%A5%E7%94%B0%E8%8A%B1%E8%8A%B1%E5%90%8C%E5%AD%B8%E6%9C%83,香港,嘉樂影片發行,"$10,653,570",67.6,"$157,597"
2004,2,見習黑玫瑰,https://zh.wikipedia.org/wiki/%E8%A6%8B%E7%BF%92%E9%BB%91%E7%8E%AB%E7%91%B0,香港,寰宇娛樂文化,"$10,153,322",65.6,"$154,776"
1998,4,九星報喜,,香港,東方電影,"$10,032,470",76.7,"$130,801"
2000,4,大贏家,https://zh.wikipedia.org/wiki/%E5%A4%A7%E8%B4%8F%E5%AE%B6,香港,東方電影,"$10,030,582",70.9,"$141,475"
2006,3,最愛女人購物狂,https://zh.wikipedia.org/wiki/%E6%9C%80%E6%84%9B%E5%A5%B3%E4%BA%BA%E8%B3%BC%E7%89%A9%E7%8B%82,香港,中國星集團,"$9,867,717",67.6,"$145,972"
2010,3,蘇乞兒,https://zh.wikipedia.org/wiki/%E8%98%87%E4%B9%9E%E5%85%92_(2010%E5%B9%B4%E9%9B%BB%E5%BD%B1),中國大陸,安樂影片,"$9,792,611",74,"$132,333"
1993,7,東方三俠,https://zh.wikipedia.org/wiki/%E6%9D%B1%E6%96%B9%E4%B8%89%E4%BF%A0,香港,金聲院線,"$9,537,175",55.9,"$170,611"
1993,8,新流星蝴蝶劍,https://zh.wikipedia.org/wiki/%E6%96%B0%E6%B5%81%E6%98%9F%E8%9D%B4%E8%9D%B6%E5%8A%8D,香港,永高院線,"$9,167,960",55.9,"$164,006"
2018,4,西遊記·女兒國,https://zh.wikipedia.org/wiki/%E8%A5%BF%E6%B8%B8%E8%AE%B0%C2%B7%E5%A5%B3%E5%84%BF%E5%9B%BD,中國大陸、香港,星皓影業,"$9,130,907",96.8,"$94,328"
2019,5,你咪理，我愛你！,https://zh.wikipedia.org/wiki/%E4%BD%A0%E5%92%AA%E7%90%86%EF%BC%8C%E6%88%91%E7%88%B1%E4%BD%A0%EF%BC%81,香港,高先電影,"$8,947,057",99.6,"$89,830"
1999,3,愛情夢幻號,https://zh.wikipedia.org/wiki/%E6%84%9B%E6%83%85%E5%A4%A2%E5%B9%BB%E8%99%9F,香港,東方電影,"$8,893,155",73.6,"$120,831"
2008,2,功夫灌籃,https://zh.wikipedia.org/wiki/%E5%8A%9F%E5%A4%AB%E7%81%8C%E7%B1%83,中國大陸、香港,新寶院線,"$8,786,482",71.9,"$122,204"
2011,4,神奇俠侶,https://zh.wikipedia.org/wiki/%E7%A5%9E%E5%A5%87%E4%BE%A0%E4%BE%A3,香港,我們發行,"$8,220,252",77.9,"$105,523"
1991,8,洪福齊天,https://zh.wikipedia.org/wiki/%E6%B4%AA%E7%A6%8F%E9%BD%8A%E5%A4%A9,香港,新寶院線,"$7,895,305",46.9,"$168,343"
2007,2,心想事成,https://zh.wikipedia.org/wiki/%E5%BF%83%E6%83%B3%E4%BA%8B%E6%88%90,香港,新寶院線,"$7,792,241",68.9,"$113,095"
1995,5,富貴人間,https://zh.wikipedia.org/wiki/%E5%AF%8C%E8%B2%B4%E4%BA%BA%E9%96%93,香港,新一代 (香港),"$7,670,796",66.3,"$115,698"
1989,5,福星臨門,,香港,,"$7,666,600",38.2,"$200,696"
2010,4,錦衣衛,https://zh.wikipedia.org/wiki/%E9%8C%A6%E8%A1%A3%E8%A1%9B_(2010%E5%B9%B4%E9%9B%BB%E5%BD%B1),中國大陸,嘉樂影片發行,"$7,649,824",74,"$103,376"
1993,9,黃飛鴻之鬼腳七,,香港,永高院線,"$7,606,886",55.9,"$136,080"
2005,2,韓城攻略,https://zh.wikipedia.org/wiki/%E9%9F%93%E5%9F%8E%E6%94%BB%E7%95%A5,香港,嘉樂影片發行,"$7,385,836",66.2,"$111,569"
1984,3,城市之光,,香港,邵氏兄弟,"$7,241,212",28.4,"$254,972"
2020,3,我的筍盤男友,https://zh.wikipedia.org/wiki/%E6%88%91%E7%9A%84%E7%AD%8D%E7%9B%A4%E7%94%B7%E5%8F%8B,香港,英皇電影,"$6,325,116",99.9,"$63,314"
2007,3,雙子神偷,https://zh.wikipedia.org/wiki/%E9%9B%99%E5%AD%90%E7%A5%9E%E5%81%B7,香港,安樂影片,"$6,219,594",68.9,"$90,270"
1983,3,星際鈍胎,https://zh.wikipedia.org/wiki/%E6%98%9F%E9%9A%9B%E9%88%8D%E8%83%8E,香港,邵氏兄弟,"$6,063,848",26.1,"$232,331"
1992,8,富貴黃金屋,https://zh.wikipedia.org/wiki/%E5%AF%8C%E8%B2%B4%E9%BB%83%E9%87%91%E5%B1%8B,香港,永高院線,"$5,729,846",51.3,"$111,693"
2020,4,肥龍過江,https://zh.wikipedia.org/wiki/%E8%82%A5%E9%BE%8D%E9%81%8E%E6%B1%9F,中國大陸、香港,洲立影片發行（香港）,"$5,668,042",99.9,"$56,737"
1981,2,歡樂神仙窩,https://zh.wikipedia.org/wiki/%E6%AD%A1%E6%A8%82%E7%A5%9E%E4%BB%99%E7%AA%A9,香港,金公主娛樂,"$5,109,030",21.4,"$238,740"
2023,3,1人婚禮,https://zh.wikipedia.org/wiki/1%E4%BA%BA%E5%A9%9A%E7%A6%AE,香港,高先電影,"$5,000,000",105.5,"$47,393"
2015,4,浮華宴,https://zh.wikipedia.org/wiki/%E6%B5%AE%E8%8F%AF%E5%AE%B4,香港,天馬影視文化,"$4,673,759",91,"$51,360"
2001,3,漫畫風雲,https://zh.wikipedia.org/wiki/%E6%BC%AB%E7%94%BB%E9%A3%8E%E4%BA%91,香港,星藝映畫,"$4,014,014",69.8,"$57,507"
2023,4,天龍八部之喬峰傳,https://zh.wikipedia.org/wiki/%E5%A4%A9%E9%BE%99%E5%85%AB%E9%83%A8%E4%B9%8B%E4%B9%94%E5%B3%B0%E4%BC%A0,中國大陸、香港,東方影業,"$3,863,198",105.5,"$36,618"
2004,4,飛鷹,https://zh.wikipedia.org/wiki/%E9%A3%9E%E9%B9%B0_(%E7%94%B5%E5%BD%B1),中國大陸,寰亞電影發行,"$3,391,280",65.6,"$51,696"
2017,3,我要發達,https://zh.wikipedia.org/wiki/%E6%88%91%E8%A6%81%E7%99%BC%E9%81%94,香港,無限動力實業,"$1,447,359",94.6,"$15,300"